PC1,PC2,PC3,PC4,PC5,PC6,PC7,PC8,PC9,PC10,PC11,PC12,PC13,PC14,PC15,PC16,PC17,PC18,PC19,PC20,PC21,PC22,PC23,PC24,PC25,PC26,PC27,PC28,PC29,PC30,PC31,PC32,PC33,PC34,PC35,PC36,PC37,PC38,PC39,PC40,PC41,PC42,PC43,PC44,PC45,PC46,PC47,PC48,PC49,PC50,PC51,PC52,PC53,PC54,PC55,PC56,PC57,PC58,PC59,PC60,PC61,d$lib.size,Sample,Species,Treatment,Temperature,CO2,Timepoint
1,-0.05,-0.07,-0.15,-0.2,-0.19,-0.08,-0.09,0.18,-0.2,0.08,0,-0.05,0,-0.04,0.02,0.12,-0.02,0.02,-0.03,0.04,-0.02,-0.14,-0.01,-0.04,-0.03,0.01,-0.02,-0.14,-0.02,-0.02,0.05,0.07,0.02,-0.07,-0.04,-0.03,-0.04,-0.05,-0.04,-0.05,0.08,0.03,0.07,-0.04,0.04,0.04,0.02,0.01,-0.06,0.02,-0.08,0.03,0.02,0.03,-0.01,-0.04,-0.03,-0.04,-0.02,-0.01,0.07,0.19,NA,0.15,0.15,0.04,-0.05
-0.05,1,-0.39,0.09,0.02,0.01,0.05,-0.04,0.12,-0.02,0.07,0.03,0.05,-0.09,0.04,0.1,-0.08,-0.09,0.03,-0.1,0.14,-0.01,-0.02,-0.06,-0.04,0.03,0.04,0.02,-0.01,-0.05,0.04,-0.03,0.1,-0.03,0.07,0.01,0.04,-0.09,-0.01,0.05,-0.02,0.04,-0.01,-0.01,-0.04,-0.07,-0.01,0.05,-0.03,0,-0.05,0.07,-0.02,-0.1,0.1,-0.03,0,0.02,-0.01,-0.08,-0.07,0.08,-0.39,NA,-0.36,-0.33,-0.15,-0.11
-0.07,-0.39,1,0.03,0.15,-0.02,-0.02,-0.08,-0.04,-0.09,-0.05,-0.04,0.05,0.03,0.01,-0,-0,-0,-0.02,0.01,-0.02,0.07,0.03,0.03,0.06,-0.01,-0.11,0.04,0.04,0.04,-0.02,-0.05,-0.04,0.01,-0.06,0.01,-0.02,0.03,-0.09,0.05,-0.06,0.05,0.01,-0.04,0.03,-0.02,0,-0.04,-0.06,-0.01,0.04,0.04,-0.03,0.07,-0.03,0.03,-0,0.02,-0.02,0.05,0.02,-0.08,0.38,NA,0.36,0.38,0.04,-0.08
-0.15,0.09,0.03,1,0.18,0.12,0.07,-0.05,0.02,0.04,0.07,-0.04,-0.07,-0.05,0.06,0.07,-0.03,0.03,-0.07,-0.01,0.01,0.03,-0.02,0.03,0.01,-0.03,0.05,0.01,-0,-0.08,0.01,0.05,0.05,-0.02,0.01,0.01,0.01,0.04,-0.07,0.05,0.01,-0.07,-0,-0.02,-0.05,-0.02,0.02,0.02,-0.05,-0.06,0.02,-0.01,0.04,-0.03,-0.04,0,0.01,-0.01,0.06,0.02,-0,-0.18,-0.03,NA,-0.04,0.02,-0.13,0.03
-0.2,0.02,0.15,0.18,1,0.06,0.02,0.08,-0.09,-0.05,0.05,-0.14,0.03,-0.07,-0.01,-0.05,-0.1,0.12,-0,0.07,0.25,-0.02,0.13,0.05,-0,0,-0.07,-0.03,0.04,0,-0,-0.02,0.13,0.01,-0.03,-0.01,0.05,0.04,0.04,-0.03,0.04,-0.04,-0.01,-0,-0.1,-0.09,0.08,-0.06,-0.04,-0.05,0.02,0.1,0.05,0.01,0.08,0.03,-0.01,0.03,0.12,-0.03,0.06,-0.25,-0.04,NA,-0.08,-0.08,-0.02,-0.04
-0.19,0.01,-0.02,0.12,0.06,1,0.11,-0.05,0.08,-0.02,-0,-0.03,-0.02,0,0.11,0.03,-0.05,-0.01,0.06,0.07,-0.1,0,-0.03,-0.01,-0.03,-0.02,-0.04,-0.04,0.02,-0.02,0.01,-0,0.04,-0.05,0.03,0.05,0.01,0.02,0,0.04,-0.01,-0.06,-0,-0.01,-0.02,-0.07,0.04,-0.01,-0.04,-0.08,0.01,0.02,-0.03,0.04,0.03,0,-0.01,0.07,-0.08,-0.01,0.07,-0,0.15,NA,0.14,0.12,0.07,-0.09
-0.08,0.05,-0.02,0.07,0.02,0.11,1,0.06,-0.01,-0.01,0.1,0.01,0,-0.02,0.1,-0.02,-0.02,-0.02,0.01,0.01,0.04,0.01,-0.03,-0.07,-0.03,-0,0.07,0.02,0.04,0.05,0.11,0.04,-0,-0.02,-0.04,-0.01,-0.01,-0.01,0.01,-0.03,-0.03,0.02,-0.01,-0.01,-0.02,-0.02,0.04,0.01,-0.04,0.09,-0.03,0,0,0.05,-0.04,0.03,-0.12,0.04,-0.01,0.01,0.02,0.01,-0.05,NA,-0.07,-0.07,-0.03,0.01
-0.09,-0.04,-0.08,-0.05,0.08,-0.05,0.06,1,-0.03,-0.03,0.08,-0.08,-0.02,0,0.11,-0,0.02,-0.03,-0.02,0.05,0.07,0.03,-0.02,-0.09,0.01,0.07,0,-0.03,0.03,-0.03,0.05,-0.08,-0.01,-0.02,-0.07,-0.03,0.02,0.02,-0,0.01,0.03,0.03,0.01,-0.02,-0.05,0.07,-0.03,-0.03,0,0.1,0.03,0.03,0.03,-0.03,0.01,0.03,0.01,-0.03,-0.02,0.07,-0.1,-0.02,-0.07,NA,-0.09,-0.11,0.02,0.1
0.18,0.12,-0.04,0.02,-0.09,0.08,-0.01,-0.03,1,-0.08,-0.03,-0.04,0.08,-0.02,-0.04,-0.02,0.03,0.14,0,0,0.08,0.03,-0.02,-0.02,-0.06,0.07,0,-0.01,-0.02,0.02,-0.02,0,0.05,0.05,0,-0.03,-0.1,-0.02,-0.08,0,0.06,0.02,-0.07,-0.05,0.02,-0.01,0.02,0,-0,-0.03,-0.05,0.01,-0.06,-0.05,0.06,-0.04,0.02,-0.03,0.01,0.03,-0,0.05,-0.02,NA,0.01,-0.05,0.1,-0.09
-0.2,-0.02,-0.09,0.04,-0.05,-0.02,-0.01,-0.03,-0.08,1,-0.04,-0.04,0.04,0.05,0.07,0.01,-0.08,-0.02,-0.03,-0.02,-0.11,0.02,0.01,0.01,-0.02,-0.08,0.03,-0.02,0.03,0.06,0.01,-0.03,-0.03,-0.04,0.04,-0.04,0.04,0.06,0.02,0.05,-0,-0,-0.02,-0.01,0.03,-0.05,-0.02,0.01,0.03,0.03,0.01,0,0.02,-0.02,-0.07,-0.03,-0.04,-0.06,0.09,0.07,0.04,0.03,-0.04,NA,-0.05,-0.06,0.01,-0.01
0.08,0.07,-0.05,0.07,0.05,-0,0.1,0.08,-0.03,-0.04,1,-0.11,-0,0.05,0.1,-0.04,-0.02,-0.05,-0.11,-0.02,0.02,0.05,0.07,0.03,-0.04,0.12,-0,-0.04,0.04,-0.01,0.04,0.07,-0.09,-0.05,0.04,-0.01,0,0.03,0.02,0.01,0.06,-0.02,-0.03,-0,0,-0.03,-0,0,0.03,-0.09,-0.01,-0.03,0.05,0,-0.04,0.03,-0.01,-0.04,0.04,0,0.03,-0.02,-0.02,NA,-0.02,0.01,-0.06,-0.12
0,0.03,-0.04,-0.04,-0.14,-0.03,0.01,-0.08,-0.04,-0.04,-0.11,1,0.01,-0.04,-0.06,-0.02,0.02,-0.05,0.03,-0.04,-0.02,0,-0.01,0.03,0.06,-0.05,0.08,-0.05,0.01,0,-0.02,-0,-0.01,0.01,0.06,0.03,0.02,0,-0.1,0.02,-0.03,-0.04,0.01,-0.05,0.01,0.03,0.05,-0.01,-0.03,0.07,-0.06,0.01,-0.02,0.02,0,0.06,0.02,0.02,-0.05,-0.03,-0,-0.01,-0.14,NA,-0.16,-0.17,-0.01,0.1
-0.05,0.05,0.05,-0.07,0.03,-0.02,0,-0.02,0.08,0.04,-0,0.01,1,0.05,0.04,-0.02,-0.03,0.11,0.02,0.03,-0.01,-0.02,-0.01,0.01,-0.03,-0.03,-0.01,0.01,-0.01,0.05,0.04,0.05,0.03,0.04,-0.01,-0.03,-0.1,-0.02,-0.01,0.01,0.05,-0.05,-0.01,-0,-0.03,-0.01,-0.01,-0.01,0.11,0.04,-0.09,-0.01,-0.01,-0.02,-0.08,-0.02,-0.05,-0.03,-0.02,-0.04,-0,-0.12,-0.05,NA,-0.06,-0.06,-0.01,-0.01
0,-0.09,0.03,-0.05,-0.07,0,-0.02,0,-0.02,0.05,0.05,-0.04,0.05,1,-0.02,-0.03,-0.05,0.01,-0.03,-0.03,0.04,0.02,-0.01,-0.04,-0.01,-0.06,0,-0.04,0.03,0.02,0.01,-0.07,0.03,-0.01,0.01,0.07,-0.01,0.01,-0.12,-0.01,0.1,0.01,0,0.03,0.01,0.02,-0.01,-0.06,0.01,0.04,0.05,0.03,-0.01,0.06,-0.06,-0.01,0.01,0,-0.04,0.05,0.04,0.14,-0.09,NA,-0.09,-0.09,-0,-0.08
-0.04,0.04,0.01,0.06,-0.01,0.11,0.1,0.11,-0.04,0.07,0.1,-0.06,0.04,-0.02,1,0.04,-0.07,-0.04,-0.07,0.14,-0.14,0.04,-0.05,0.09,0.01,0.09,0.07,-0.05,-0.01,-0.01,0.02,-0.04,0.06,0.01,0.11,0.04,0.06,0.07,-0,0.08,0.05,0.11,-0.1,0.01,-0.01,-0.03,0.02,-0.08,-0,-0.01,-0.06,0,0.07,-0.06,0.01,-0.02,-0.04,-0.02,0,0.02,0.02,0.08,-0,NA,-0.03,0.02,-0.11,-0.07
0.02,0.1,-0,0.07,-0.05,0.03,-0.02,-0,-0.02,0.01,-0.04,-0.02,-0.02,-0.03,0.04,1,0.02,-0.07,-0.13,-0.07,0.01,0.01,-0.01,-0.03,0.02,0.01,0.07,0.07,-0.08,-0.05,0.03,0,-0,0.05,0,0,0.02,0.02,-0.03,-0,0.03,0.04,0.02,0.05,-0.07,-0.01,-0.05,0.06,-0.04,0,0.03,0.04,0.01,0,-0.06,-0,0.01,-0.01,-0.06,-0.01,-0.02,0.02,-0.06,NA,-0.03,0.03,-0.13,0.02
0.12,-0.08,-0,-0.03,-0.1,-0.05,-0.02,0.02,0.03,-0.08,-0.02,0.02,-0.03,-0.05,-0.07,0.02,1,0.02,0,-0.09,0.02,-0.02,0.02,-0.04,-0.01,-0.01,-0.1,-0.02,-0.02,0,-0.02,-0.02,0.02,0.06,0.04,0.07,0.01,-0.06,-0.01,-0.05,0.02,-0.03,0.02,0.06,0.02,0.05,0.05,-0.1,0.01,0.03,0.02,0.01,0.02,0.02,-0.01,0,0,0.02,-0.06,-0.04,-0.05,-0.01,-0.07,NA,-0.1,-0.1,-0.03,0.02
-0.02,-0.09,-0,0.03,0.12,-0.01,-0.02,-0.03,0.14,-0.02,-0.05,-0.05,0.11,0.01,-0.04,-0.07,0.02,1,-0.09,-0.13,0.09,-0.03,0.03,0.14,0.02,-0.04,-0.07,0.07,0.03,-0.02,0.01,-0.02,0.05,-0.01,-0.04,0.04,-0.02,-0.04,0,-0.05,0.11,0.04,0.06,-0.02,-0.02,-0.03,0.02,-0.03,-0.02,-0.02,-0.09,-0.05,0,0.01,0.01,0.06,0.05,-0.03,0.03,-0.06,0.12,0.03,0.05,NA,0.04,0.05,0,-0.03
0.02,0.03,-0.02,-0.07,-0,0.06,0.01,-0.02,0,-0.03,-0.11,0.03,0.02,-0.03,-0.07,-0.13,0,-0.09,1,-0.06,-0.05,-0.09,-0.05,-0.15,-0.04,-0.07,0.04,0.03,0.01,-0,-0.02,0.01,0.05,0.03,0.01,-0.01,-0.03,-0.04,0.04,0.03,-0.03,-0,0.04,-0.02,0.05,0,0.01,0.06,0.01,0.02,0.04,0.02,-0.01,-0,-0.03,-0.03,0.03,0.07,-0.02,-0.07,-0.11,0.14,-0.08,NA,-0.12,-0.15,0.05,-0.04
-0.03,-0.1,0.01,-0.01,0.07,0.07,0.01,0.05,0,-0.02,-0.02,-0.04,0.03,-0.03,0.14,-0.07,-0.09,-0.13,-0.06,1,0.06,0.01,-0.02,0.01,0,0,-0.01,0.07,-0.11,-0.01,-0,0.02,-0.06,0.04,-0.02,0.04,0,0.01,-0.02,-0.04,-0,0.03,-0,-0.01,0.02,-0.04,-0.02,-0.03,0,-0.02,0.05,-0.01,-0.04,0.02,0.05,-0.03,0.01,-0.06,-0.01,0.05,-0.18,-0.09,0.3,NA,0.26,0.28,0.02,-0.03
0.04,0.14,-0.02,0.01,0.25,-0.1,0.04,0.07,0.08,-0.11,0.02,-0.02,-0.01,0.04,-0.14,0.01,0.02,0.09,-0.05,0.06,1,0.03,-0,-0.09,-0.01,-0.05,-0.01,-0.03,-0.04,0.14,-0.01,-0.06,-0.1,-0.03,-0.02,-0.03,-0.01,-0.06,-0.02,0.02,0.1,0.03,-0,0,-0.09,-0.01,0,-0.06,-0.07,0.04,0.05,0.03,0.03,-0.01,0.05,0.02,0.02,0.06,0.03,-0.03,-0.09,0.09,0.02,NA,0.07,0.02,0.13,-0.02
-0.02,-0.01,0.07,0.03,-0.02,0,0.01,0.03,0.03,0.02,0.05,0,-0.02,0.02,0.04,0.01,-0.02,-0.03,-0.09,0.01,0.03,1,-0,-0.1,0.07,0.03,0.04,-0,0.02,-0.01,-0.03,0.08,-0.05,-0.08,-0.08,0.01,-0.02,0.03,0.04,-0.03,0.02,0.08,0,-0,-0.12,-0.06,0,0.01,-0,0,-0.04,0.05,-0.04,-0.05,-0.06,-0.08,-0.05,-0.01,-0.02,-0.06,-0.04,0.02,0.18,NA,0.23,0.27,-0.03,-0.04
-0.14,-0.02,0.03,-0.02,0.13,-0.03,-0.03,-0.02,-0.02,0.01,0.07,-0.01,-0.01,-0.01,-0.05,-0.01,0.02,0.03,-0.05,-0.02,-0,-0,1,0,-0.05,-0.01,-0.16,-0.05,0.06,-0.07,-0.01,-0.13,0.04,0.01,-0.02,0.01,0.02,0.08,-0.02,0.01,-0.03,-0.05,-0.15,-0.02,-0.01,0.08,-0.02,-0.03,-0.04,-0.12,0.04,-0.05,0.03,-0.02,0,0,0.03,0.03,0.06,0.13,0.01,-0.11,0,NA,-0.01,-0.01,0.01,0.14
-0.01,-0.06,0.03,0.03,0.05,-0.01,-0.07,-0.09,-0.02,0.01,0.03,0.03,0.01,-0.04,0.09,-0.03,-0.04,0.14,-0.15,0.01,-0.09,-0.1,0,1,0.05,-0.01,-0.12,0.06,0.03,-0.02,-0.06,-0.02,0.03,0,-0.05,0.16,0.05,0,-0.08,-0.01,0.04,-0.04,0.05,0.01,-0.09,0,0.06,0.09,0.01,-0.08,-0.02,-0.02,0.02,0.08,-0.05,0.02,0,0.01,-0.02,0.03,0.1,-0.13,-0,NA,-0.06,-0.13,0.12,0.09
-0.04,-0.04,0.06,0.01,-0,-0.03,-0.03,0.01,-0.06,-0.02,-0.04,0.06,-0.03,-0.01,0.01,0.02,-0.01,0.02,-0.04,0,-0.01,0.07,-0.05,0.05,1,-0.01,0.07,-0.1,-0.01,-0,0.03,-0.07,0.01,-0,0.01,-0.02,0,0.02,0.09,-0.02,-0.1,0.02,0.06,-0.08,-0.02,0.03,0.02,-0.06,0.01,0.05,0.05,0.07,0.01,0.03,-0.03,-0.1,-0.03,-0.01,-0.06,-0.02,0,-0.07,0.01,NA,0.03,0.03,0.02,0.06
-0.03,0.03,-0.01,-0.03,0,-0.02,-0,0.07,0.07,-0.08,0.12,-0.05,-0.03,-0.06,0.09,0.01,-0.01,-0.04,-0.07,0,-0.05,0.03,-0.01,-0.01,-0.01,1,0.06,-0.08,0.07,-0.02,-0.06,0.02,-0.05,0.07,-0,0.01,0.02,0.05,-0.06,-0.03,-0.05,0.07,-0.06,-0.02,-0.03,0.01,-0,0.04,0.08,0,-0.08,0,-0.05,-0.01,0.02,-0.01,0.02,-0.01,-0,0.02,-0.04,-0.05,-0.05,NA,-0.08,-0.05,-0.08,0.01
0.01,0.04,-0.11,0.05,-0.07,-0.04,0.07,0,0,0.03,-0,0.08,-0.01,0,0.07,0.07,-0.1,-0.07,0.04,-0.01,-0.01,0.04,-0.16,-0.12,0.07,0.06,1,0.06,-0,-0.07,0.02,0.02,0.04,-0.01,0.06,-0.08,-0.02,0.05,0.02,0.03,-0.14,0.03,-0.07,-0.01,0,-0.05,-0.02,-0.02,-0.01,0.01,-0.01,-0.05,0.05,0.02,-0,-0.02,-0.04,0.04,0.02,0.08,-0.06,0.26,-0.08,NA,-0.03,0,-0.08,0.07
-0.02,0.02,0.04,0.01,-0.03,-0.04,0.02,-0.03,-0.01,-0.02,-0.04,-0.05,0.01,-0.04,-0.05,0.07,-0.02,0.07,0.03,0.07,-0.03,-0,-0.05,0.06,-0.1,-0.08,0.06,1,0.02,-0,-0.01,0.03,-0.04,-0.04,-0.08,0,-0,-0.06,-0.06,-0.13,0.04,-0.07,0.05,0.05,0.04,-0.09,-0.04,-0.01,-0.04,0.02,0.02,-0,-0.06,0.06,0.01,-0.01,-0.01,0.05,0,0.05,0.01,-0.05,-0.02,NA,-0.05,-0.06,0.02,0.09
-0.14,-0.01,0.04,-0,0.04,0.02,0.04,0.03,-0.02,0.03,0.04,0.01,-0.01,0.03,-0.01,-0.08,-0.02,0.03,0.01,-0.11,-0.04,0.02,0.06,0.03,-0.01,0.07,-0,0.02,1,0.05,-0.05,0.01,-0,-0.06,-0.01,0.02,0.05,-0.03,-0.05,-0.05,-0.07,0.02,0.11,0,-0.03,0.04,-0.02,-0.01,0.04,-0.02,-0.01,-0.05,-0.02,-0.01,-0.02,-0.03,0.03,0.01,-0.03,-0.07,0.1,0.07,-0.06,NA,-0.06,-0.03,-0.09,-0.03
-0.02,-0.05,0.04,-0.08,0,-0.02,0.05,-0.03,0.02,0.06,-0.01,0,0.05,0.02,-0.01,-0.05,0,-0.02,-0,-0.01,0.14,-0.01,-0.07,-0.02,-0,-0.02,-0.07,-0,0.05,1,-0,-0.07,-0.1,0.1,0.01,-0,-0.01,0.05,0.09,-0.05,0.13,-0.07,-0.04,0,0.1,0.04,-0,-0.03,0.02,0.06,-0.06,-0.02,0,-0.01,-0.05,-0.07,-0.02,-0.01,0.01,-0.06,0.07,-0.13,-0.03,NA,-0.01,0.01,-0.04,0.05
-0.02,0.04,-0.02,0.01,-0,0.01,0.11,0.05,-0.02,0.01,0.04,-0.02,0.04,0.01,0.02,0.03,-0.02,0.01,-0.02,-0,-0.01,-0.03,-0.01,-0.06,0.03,-0.06,0.02,-0.01,-0.05,-0,1,-0.07,-0.01,0.06,-0,-0.05,0.04,-0.04,-0.02,0.06,-0.08,-0.06,0.04,0.01,0.02,0.02,-0.06,-0.03,-0.03,-0.03,0,0.09,0.07,0.03,-0.01,0,0,-0,0.04,-0.1,0.08,0.03,-0.11,NA,-0.12,-0.08,-0.11,0
0.05,-0.03,-0.05,0.05,-0.02,-0,0.04,-0.08,0,-0.03,0.07,-0,0.05,-0.07,-0.04,0,-0.02,-0.02,0.01,0.02,-0.06,0.08,-0.13,-0.02,-0.07,0.02,0.02,0.03,0.01,-0.07,-0.07,1,0.01,-0.03,-0.07,0,-0.09,-0.03,0.06,-0.05,0.06,-0.04,-0.03,-0.09,0.01,0.14,0.02,0.13,0.04,-0.07,-0.02,-0.01,0.03,0.02,0.03,-0.05,0.04,-0.03,0.02,-0.06,0.04,-0.13,0.09,NA,0.11,0.08,0.09,-0.17
0.07,0.1,-0.04,0.05,0.13,0.04,-0,-0.01,0.05,-0.03,-0.09,-0.01,0.03,0.03,0.06,-0,0.02,0.05,0.05,-0.06,-0.1,-0.05,0.04,0.03,0.01,-0.05,0.04,-0.04,-0,-0.1,-0.01,0.01,1,-0.01,-0.02,0.04,0.02,0.06,-0.06,-0.03,0.03,0.01,-0.03,-0.07,0.08,-0.05,-0,0,0.05,-0.01,0,-0.06,0.05,-0.06,0.01,-0,-0.03,0.01,-0,0,0.05,-0.08,-0.08,NA,-0.1,-0.11,-0.02,0.06
0.02,-0.03,0.01,-0.02,0.01,-0.05,-0.02,-0.02,0.05,-0.04,-0.05,0.01,0.04,-0.01,0.01,0.05,0.06,-0.01,0.03,0.04,-0.03,-0.08,0.01,0,-0,0.07,-0.01,-0.04,-0.06,0.1,0.06,-0.03,-0.01,1,-0.04,0.03,-0,-0.1,-0.06,-0.03,-0.02,0.05,-0.1,-0,0.03,-0.03,0.04,-0.1,0.01,0.05,-0.04,-0.03,0,0.01,0.04,0.02,0.01,-0.05,-0.05,-0.03,-0.07,-0.18,0,NA,-0.03,0.04,-0.14,0.13
-0.07,0.07,-0.06,0.01,-0.03,0.03,-0.04,-0.07,0,0.04,0.04,0.06,-0.01,0.01,0.11,0,0.04,-0.04,0.01,-0.02,-0.02,-0.08,-0.02,-0.05,0.01,-0,0.06,-0.08,-0.01,0.01,-0,-0.07,-0.02,-0.04,1,-0.01,0.03,-0.07,0.01,0.01,-0,-0.04,-0,0.12,-0.01,0.03,0.01,0.02,0.01,0.07,-0.05,-0,0.07,0.05,0.04,-0.03,0.09,0.04,-0.1,0.02,0.01,0.07,0.03,NA,0.04,0.01,0.08,-0.05
-0.04,0.01,0.01,0.01,-0.01,0.05,-0.01,-0.03,-0.03,-0.04,-0.01,0.03,-0.03,0.07,0.04,0,0.07,0.04,-0.01,0.04,-0.03,0.01,0.01,0.16,-0.02,0.01,-0.08,0,0.02,-0,-0.05,0,0.04,0.03,-0.01,1,-0,-0.01,0.07,-0.02,0.07,0.01,-0.06,-0.01,-0.04,0.06,0.01,-0,-0.04,-0.05,-0.03,-0.02,-0.02,0,-0.02,0.02,-0,0.05,-0.04,0.07,-0.02,-0.05,0.08,NA,0.07,0.06,0.04,0.1
-0.03,0.04,-0.02,0.01,0.05,0.01,-0.01,0.02,-0.1,0.04,0,0.02,-0.1,-0.01,0.06,0.02,0.01,-0.02,-0.03,0,-0.01,-0.02,0.02,0.05,0,0.02,-0.02,-0,0.05,-0.01,0.04,-0.09,0.02,-0,0.03,-0,1,0.04,0.03,0.06,-0.03,0.03,-0.02,-0.01,0.09,-0.02,-0.04,0.04,-0.04,-0.05,0.07,0,0.06,0.03,-0.01,0.02,0.05,0.02,-0.04,-0.01,-0.05,-0.05,0.06,NA,0.02,-0.01,0.05,0.14
-0.04,-0.09,0.03,0.04,0.04,0.02,-0.01,0.02,-0.02,0.06,0.03,0,-0.02,0.01,0.07,0.02,-0.06,-0.04,-0.04,0.01,-0.06,0.03,0.08,0,0.02,0.05,0.05,-0.06,-0.03,0.05,-0.04,-0.03,0.06,-0.1,-0.07,-0.01,0.04,1,0,0,0.19,0.02,0,0.11,0.05,-0.01,-0.02,-0.03,-0.04,-0.09,0.04,-0.01,0.03,-0.02,-0.07,0.02,-0.01,-0.04,0.1,0.03,0.03,0.15,0.01,NA,0.05,0.01,0.08,-0.16
-0.05,-0.01,-0.09,-0.07,0.04,0,0.01,-0,-0.08,0.02,0.02,-0.1,-0.01,-0.12,-0,-0.03,-0.01,0,0.04,-0.02,-0.02,0.04,-0.02,-0.08,0.09,-0.06,0.02,-0.06,-0.05,0.09,-0.02,0.06,-0.06,-0.06,0.01,0.07,0.03,0,1,-0.03,0.04,-0.05,0.02,0.03,0.03,-0.06,0.05,-0.05,0.02,-0.09,-0.02,0.02,0.04,-0.05,0.02,-0.05,0.01,-0.05,0.06,0.03,0.02,0.08,0.11,NA,0.16,0.12,0.13,0.08
-0.04,0.05,0.05,0.05,-0.03,0.04,-0.03,0.01,0,0.05,0.01,0.02,0.01,-0.01,0.08,-0,-0.05,-0.05,0.03,-0.04,0.02,-0.03,0.01,-0.01,-0.02,-0.03,0.03,-0.13,-0.05,-0.05,0.06,-0.05,-0.03,-0.03,0.01,-0.02,0.06,0,-0.03,1,-0.05,-0.06,-0.04,-0.03,-0.11,-0,0,-0,-0.03,-0.02,-0.03,-0.01,0.05,-0.03,-0.06,0.08,-0.07,0.05,0.13,0.06,-0.09,0.04,-0.02,NA,-0.03,-0.09,0.11,0.16
-0.05,-0.02,-0.06,0.01,0.04,-0.01,-0.03,0.03,0.06,-0,0.06,-0.03,0.05,0.1,0.05,0.03,0.02,0.11,-0.03,-0,0.1,0.02,-0.03,0.04,-0.1,-0.05,-0.14,0.04,-0.07,0.13,-0.08,0.06,0.03,-0.02,-0,0.07,-0.03,0.19,0.04,-0.05,1,0.01,0.01,-0.16,0.06,-0.03,0.15,-0.02,-0.06,-0.01,-0.05,0,-0.05,-0.01,-0.03,-0.05,0.06,-0.01,-0.07,-0.03,0.05,-0.1,0.05,NA,0.11,0.06,0.12,-0.03
0.08,0.04,0.05,-0.07,-0.04,-0.06,0.02,0.03,0.02,-0,-0.02,-0.04,-0.05,0.01,0.11,0.04,-0.03,0.04,-0,0.03,0.03,0.08,-0.05,-0.04,0.02,0.07,0.03,-0.07,0.02,-0.07,-0.06,-0.04,0.01,0.05,-0.04,0.01,0.03,0.02,-0.05,-0.06,0.01,1,0.03,0.03,-0.06,0.06,-0.05,-0.01,0.06,0.01,0.01,-0.05,0.02,-0.03,0.07,0.01,0,-0.04,-0.06,-0.01,0.03,-0,0.12,NA,0.13,0.17,-0.05,-0.05
0.03,-0.01,0.01,-0,-0.01,-0,-0.01,0.01,-0.07,-0.02,-0.03,0.01,-0.01,0,-0.1,0.02,0.02,0.06,0.04,-0,-0,0,-0.15,0.05,0.06,-0.06,-0.07,0.05,0.11,-0.04,0.04,-0.03,-0.03,-0.1,-0,-0.06,-0.02,0,0.02,-0.04,0.01,0.03,1,0.07,-0.07,0,-0,-0.01,-0.1,-0.03,-0.04,-0.05,-0.05,0,-0.07,-0.04,-0.04,0.02,-0.03,-0.06,-0.04,0.07,0.03,NA,0.07,0.11,-0.06,-0.14
0.07,-0.01,-0.04,-0.02,-0,-0.01,-0.01,-0.02,-0.05,-0.01,-0,-0.05,-0,0.03,0.01,0.05,0.06,-0.02,-0.02,-0.01,0,-0,-0.02,0.01,-0.08,-0.02,-0.01,0.05,0,0,0.01,-0.09,-0.07,-0,0.12,-0.01,-0.01,0.11,0.03,-0.03,-0.16,0.03,0.07,1,0.02,0.06,0.01,-0.01,-0.01,0.03,0.06,-0.01,-0.01,0.05,0.05,-0.03,0.03,-0.03,-0.08,0.04,0.04,0.09,0.06,NA,0.03,-0.03,0.13,0.04
-0.04,-0.04,0.03,-0.05,-0.1,-0.02,-0.02,-0.05,0.02,0.03,0,0.01,-0.03,0.01,-0.01,-0.07,0.02,-0.02,0.05,0.02,-0.09,-0.12,-0.01,-0.09,-0.02,-0.03,0,0.04,-0.03,0.1,0.02,0.01,0.08,0.03,-0.01,-0.04,0.09,0.05,0.03,-0.11,0.06,-0.06,-0.07,0.02,1,-0.04,-0.02,0.06,-0.01,-0.02,-0.05,0.05,-0.07,0.02,0.05,-0.01,0.01,-0,0.02,-0.01,0.02,-0.04,-0,NA,0.02,0.04,-0.04,-0.02
0.04,-0.07,-0.02,-0.02,-0.09,-0.07,-0.02,0.07,-0.01,-0.05,-0.03,0.03,-0.01,0.02,-0.03,-0.01,0.05,-0.03,0,-0.04,-0.01,-0.06,0.08,0,0.03,0.01,-0.05,-0.09,0.04,0.04,0.02,0.14,-0.05,-0.03,0.03,0.06,-0.02,-0.01,-0.06,-0,-0.03,0.06,0,0.06,-0.04,1,-0.03,0.06,-0.04,-0.03,-0.01,-0.01,0,0.03,-0.04,0.1,0.03,0.01,-0.07,-0.02,-0.01,0.11,-0.09,NA,-0.1,-0.11,0,-0.03
0.04,-0.01,0,0.02,0.08,0.04,0.04,-0.03,0.02,-0.02,-0,0.05,-0.01,-0.01,0.02,-0.05,0.05,0.02,0.01,-0.02,0,0,-0.02,0.06,0.02,-0,-0.02,-0.04,-0.02,-0,-0.06,0.02,-0,0.04,0.01,0.01,-0.04,-0.02,0.05,0,0.15,-0.05,-0,0.01,-0.02,-0.03,1,-0.03,-0.02,-0.08,0.02,0.03,-0.02,0.04,0.07,-0.04,0,0.08,-0,0.05,0.05,-0.07,0.04,NA,0.05,0.02,0.06,-0.12
0.02,0.05,-0.04,0.02,-0.06,-0.01,0.01,-0.03,0,0.01,0,-0.01,-0.01,-0.06,-0.08,0.06,-0.1,-0.03,0.06,-0.03,-0.06,0.01,-0.03,0.09,-0.06,0.04,-0.02,-0.01,-0.01,-0.03,-0.03,0.13,0,-0.1,0.02,-0,0.04,-0.03,-0.05,-0,-0.02,-0.01,-0.01,-0.01,0.06,0.06,-0.03,1,0.08,0.03,-0.01,0.02,-0.01,-0.04,0.12,0.05,0.02,0.01,-0,-0.06,0.04,-0.01,0.02,NA,-0,0.04,-0.09,-0.14
0.01,-0.03,-0.06,-0.05,-0.04,-0.04,-0.04,0,-0,0.03,0.03,-0.03,0.11,0.01,-0,-0.04,0.01,-0.02,0.01,0,-0.07,-0,-0.04,0.01,0.01,0.08,-0.01,-0.04,0.04,0.02,-0.03,0.04,0.05,0.01,0.01,-0.04,-0.04,-0.04,0.02,-0.03,-0.06,0.06,-0.1,-0.01,-0.01,-0.04,-0.02,0.08,1,-0.02,0.03,-0.12,0.06,0.03,-0.11,-0.03,-0,0.03,-0.01,-0.01,-0.06,-0.17,0.09,NA,0.09,0.02,0.16,-0.04
-0.06,0,-0.01,-0.06,-0.05,-0.08,0.09,0.1,-0.03,0.03,-0.09,0.07,0.04,0.04,-0.01,0,0.03,-0.02,0.02,-0.02,0.04,0,-0.12,-0.08,0.05,0,0.01,0.02,-0.02,0.06,-0.03,-0.07,-0.01,0.05,0.07,-0.05,-0.05,-0.09,-0.09,-0.02,-0.01,0.01,-0.03,0.03,-0.02,-0.03,-0.08,0.03,-0.02,1,-0.1,0.13,0.06,-0.03,-0.04,0.08,-0.04,-0.06,-0.11,-0.11,0.05,0.06,0.05,NA,0.01,-0.03,0.09,0.06
0.02,-0.05,0.04,0.02,0.02,0.01,-0.03,0.03,-0.05,0.01,-0.01,-0.06,-0.09,0.05,-0.06,0.03,0.02,-0.09,0.04,0.05,0.05,-0.04,0.04,-0.02,0.05,-0.08,-0.01,0.02,-0.01,-0.06,0,-0.02,0,-0.04,-0.05,-0.03,0.07,0.04,-0.02,-0.03,-0.05,0.01,-0.04,0.06,-0.05,-0.01,0.02,-0.01,0.03,-0.1,1,-0.03,-0.01,0.04,-0.03,0.02,-0.04,0.08,-0.02,0.08,-0.01,-0.23,0.02,NA,0.02,0.07,-0.11,0.02
-0.08,0.07,0.04,-0.01,0.1,0.02,0,0.03,0.01,0,-0.03,0.01,-0.01,0.03,0,0.04,0.01,-0.05,0.02,-0.01,0.03,0.05,-0.05,-0.02,0.07,0,-0.05,-0,-0.05,-0.02,0.09,-0.01,-0.06,-0.03,-0,-0.02,0,-0.01,0.02,-0.01,0,-0.05,-0.05,-0.01,0.05,-0.01,0.03,0.02,-0.12,0.13,-0.03,1,-0.02,-0,0.02,-0.02,-0.01,-0.01,0.06,-0.04,0.2,0.1,0.07,NA,0.09,0.08,0.05,0.05
0.03,-0.02,-0.03,0.04,0.05,-0.03,0,0.03,-0.06,0.02,0.05,-0.02,-0.01,-0.01,0.07,0.01,0.02,0,-0.01,-0.04,0.03,-0.04,0.03,0.02,0.01,-0.05,0.05,-0.06,-0.02,0,0.07,0.03,0.05,0,0.07,-0.02,0.06,0.03,0.04,0.05,-0.05,0.02,-0.05,-0.01,-0.07,0,-0.02,-0.01,0.06,0.06,-0.01,-0.02,1,-0.02,-0.09,0.06,-0.04,0.01,-0.03,-0.01,0.06,-0.03,0.04,NA,0.04,-0,0.09,-0.02
0.02,-0.1,0.07,-0.03,0.01,0.04,0.05,-0.03,-0.05,-0.02,0,0.02,-0.02,0.06,-0.06,0,0.02,0.01,-0,0.02,-0.01,-0.05,-0.02,0.08,0.03,-0.01,0.02,0.06,-0.01,-0.01,0.03,0.02,-0.06,0.01,0.05,0,0.03,-0.02,-0.05,-0.03,-0.01,-0.03,0,0.05,0.02,0.03,0.04,-0.04,0.03,-0.03,0.04,-0,-0.02,1,0.09,0.11,0.03,-0.03,-0.06,0.14,0.05,-0,-0.01,NA,-0.03,-0.05,0.02,0.02
0.03,0.1,-0.03,-0.04,0.08,0.03,-0.04,0.01,0.06,-0.07,-0.04,0,-0.08,-0.06,0.01,-0.06,-0.01,0.01,-0.03,0.05,0.05,-0.06,0,-0.05,-0.03,0.02,-0,0.01,-0.02,-0.05,-0.01,0.03,0.01,0.04,0.04,-0.02,-0.01,-0.07,0.02,-0.06,-0.03,0.07,-0.07,0.05,0.05,-0.04,0.07,0.12,-0.11,-0.04,-0.03,0.02,-0.09,0.09,1,-0.03,0.08,0.01,0.07,-0.01,0.02,0.01,-0.12,NA,-0.15,-0.07,-0.2,-0.04
-0.01,-0.03,0.03,0,0.03,0,0.03,0.03,-0.04,-0.03,0.03,0.06,-0.02,-0.01,-0.02,-0,0,0.06,-0.03,-0.03,0.02,-0.08,0,0.02,-0.1,-0.01,-0.02,-0.01,-0.03,-0.07,0,-0.05,-0,0.02,-0.03,0.02,0.02,0.02,-0.05,0.08,-0.05,0.01,-0.04,-0.03,-0.01,0.1,-0.04,0.05,-0.03,0.08,0.02,-0.02,0.06,0.11,-0.03,1,-0.05,-0.05,-0.11,0.02,-0.04,0.05,-0.05,NA,-0.06,-0.01,-0.11,0.05
-0.04,0,-0,0.01,-0.01,-0.01,-0.12,0.01,0.02,-0.04,-0.01,0.02,-0.05,0.01,-0.04,0.01,0,0.05,0.03,0.01,0.02,-0.05,0.03,0,-0.03,0.02,-0.04,-0.01,0.03,-0.02,0,0.04,-0.03,0.01,0.09,-0,0.05,-0.01,0.01,-0.07,0.06,0,-0.04,0.03,0.01,0.03,0,0.02,-0,-0.04,-0.04,-0.01,-0.04,0.03,0.08,-0.05,1,0.01,-0.04,-0.03,-0,0.04,-0.11,NA,-0.06,-0.08,0.03,-0.05
-0.03,0.02,0.02,-0.01,0.03,0.07,0.04,-0.03,-0.03,-0.06,-0.04,0.02,-0.03,0,-0.02,-0.01,0.02,-0.03,0.07,-0.06,0.06,-0.01,0.03,0.01,-0.01,-0.01,0.04,0.05,0.01,-0.01,-0,-0.03,0.01,-0.05,0.04,0.05,0.02,-0.04,-0.05,0.05,-0.01,-0.04,0.02,-0.03,-0,0.01,0.08,0.01,0.03,-0.06,0.08,-0.01,0.01,-0.03,0.01,-0.05,0.01,1,0.04,0.04,-0.08,-0.17,-0,NA,0.01,-0.08,0.17,-0.09
-0.04,-0.01,-0.02,0.06,0.12,-0.08,-0.01,-0.02,0.01,0.09,0.04,-0.05,-0.02,-0.04,0,-0.06,-0.06,0.03,-0.02,-0.01,0.03,-0.02,0.06,-0.02,-0.06,-0,0.02,0,-0.03,0.01,0.04,0.02,-0,-0.05,-0.1,-0.04,-0.04,0.1,0.06,0.13,-0.07,-0.06,-0.03,-0.08,0.02,-0.07,-0,-0,-0.01,-0.11,-0.02,0.06,-0.03,-0.06,0.07,-0.11,-0.04,0.04,1,0.03,-0.04,-0.04,0.02,NA,0.03,0.03,0.02,-0.04
-0.02,-0.08,0.05,0.02,-0.03,-0.01,0.01,0.07,0.03,0.07,0,-0.03,-0.04,0.05,0.02,-0.01,-0.04,-0.06,-0.07,0.05,-0.03,-0.06,0.13,0.03,-0.02,0.02,0.08,0.05,-0.07,-0.06,-0.1,-0.06,0,-0.03,0.02,0.07,-0.01,0.03,0.03,0.06,-0.03,-0.01,-0.06,0.04,-0.01,-0.02,0.05,-0.06,-0.01,-0.11,0.08,-0.04,-0.01,0.14,-0.01,0.02,-0.03,0.04,0.03,1,-0.07,0.02,0.04,NA,0.02,-0.02,0.08,0.18
-0.01,-0.07,0.02,-0,0.06,0.07,0.02,-0.1,-0,0.04,0.03,-0,-0,0.04,0.02,-0.02,-0.05,0.12,-0.11,-0.18,-0.09,-0.04,0.01,0.1,0,-0.04,-0.06,0.01,0.1,0.07,0.08,0.04,0.05,-0.07,0.01,-0.02,-0.05,0.03,0.02,-0.09,0.05,0.03,-0.04,0.04,0.02,-0.01,0.05,0.04,-0.06,0.05,-0.01,0.2,0.06,0.05,0.02,-0.04,-0,-0.08,-0.04,-0.07,1,-0.01,-0.03,NA,-0.02,0.01,-0.08,-0.21
0.07,0.08,-0.08,-0.18,-0.25,-0,0.01,-0.02,0.05,0.03,-0.02,-0.01,-0.12,0.14,0.08,0.02,-0.01,0.03,0.14,-0.09,0.09,0.02,-0.11,-0.13,-0.07,-0.05,0.26,-0.05,0.07,-0.13,0.03,-0.13,-0.08,-0.18,0.07,-0.05,-0.05,0.15,0.08,0.04,-0.1,-0,0.07,0.09,-0.04,0.11,-0.07,-0.01,-0.17,0.06,-0.23,0.1,-0.03,-0,0.01,0.05,0.04,-0.17,-0.04,0.02,-0.01,1,-0.06,NA,-0.03,-0.05,0.02,-0.1
0.19,-0.39,0.38,-0.03,-0.04,0.15,-0.05,-0.07,-0.02,-0.04,-0.02,-0.14,-0.05,-0.09,-0,-0.06,-0.07,0.05,-0.08,0.3,0.02,0.18,0,-0,0.01,-0.05,-0.08,-0.02,-0.06,-0.03,-0.11,0.09,-0.08,0,0.03,0.08,0.06,0.01,0.11,-0.02,0.05,0.12,0.03,0.06,-0,-0.09,0.04,0.02,0.09,0.05,0.02,0.07,0.04,-0.01,-0.12,-0.05,-0.11,-0,0.02,0.04,-0.03,-0.06,1,NA,0.97,0.87,0.43,-0.13
NA,NA,NA,NA,NA,NA,NA,NA,NA,NA,NA,NA,NA,NA,NA,NA,NA,NA,NA,NA,NA,NA,NA,NA,NA,NA,NA,NA,NA,NA,NA,NA,NA,NA,NA,NA,NA,NA,NA,NA,NA,NA,NA,NA,NA,NA,NA,NA,NA,NA,NA,NA,NA,NA,NA,NA,NA,NA,NA,NA,NA,NA,NA,1,NA,NA,NA,NA
0.15,-0.36,0.36,-0.04,-0.08,0.14,-0.07,-0.09,0.01,-0.05,-0.02,-0.16,-0.06,-0.09,-0.03,-0.03,-0.1,0.04,-0.12,0.26,0.07,0.23,-0.01,-0.06,0.03,-0.08,-0.03,-0.05,-0.06,-0.01,-0.12,0.11,-0.1,-0.03,0.04,0.07,0.02,0.05,0.16,-0.03,0.11,0.13,0.07,0.03,0.02,-0.1,0.05,-0,0.09,0.01,0.02,0.09,0.04,-0.03,-0.15,-0.06,-0.06,0.01,0.03,0.02,-0.02,-0.03,0.97,NA,1,0.89,0.45,-0.15
0.15,-0.33,0.38,0.02,-0.08,0.12,-0.07,-0.11,-0.05,-0.06,0.01,-0.17,-0.06,-0.09,0.02,0.03,-0.1,0.05,-0.15,0.28,0.02,0.27,-0.01,-0.13,0.03,-0.05,0,-0.06,-0.03,0.01,-0.08,0.08,-0.11,0.04,0.01,0.06,-0.01,0.01,0.12,-0.09,0.06,0.17,0.11,-0.03,0.04,-0.11,0.02,0.04,0.02,-0.03,0.07,0.08,-0,-0.05,-0.07,-0.01,-0.08,-0.08,0.03,-0.02,0.01,-0.05,0.87,NA,0.89,1,0,-0.17
0.04,-0.15,0.04,-0.13,-0.02,0.07,-0.03,0.02,0.1,0.01,-0.06,-0.01,-0.01,-0,-0.11,-0.13,-0.03,0,0.05,0.02,0.13,-0.03,0.01,0.12,0.02,-0.08,-0.08,0.02,-0.09,-0.04,-0.11,0.09,-0.02,-0.14,0.08,0.04,0.05,0.08,0.13,0.11,0.12,-0.05,-0.06,0.13,-0.04,0,0.06,-0.09,0.16,0.09,-0.11,0.05,0.09,0.02,-0.2,-0.11,0.03,0.17,0.02,0.08,-0.08,0.02,0.43,NA,0.45,0,1,-0
-0.05,-0.11,-0.08,0.03,-0.04,-0.09,0.01,0.1,-0.09,-0.01,-0.12,0.1,-0.01,-0.08,-0.07,0.02,0.02,-0.03,-0.04,-0.03,-0.02,-0.04,0.14,0.09,0.06,0.01,0.07,0.09,-0.03,0.05,0,-0.17,0.06,0.13,-0.05,0.1,0.14,-0.16,0.08,0.16,-0.03,-0.05,-0.14,0.04,-0.02,-0.03,-0.12,-0.14,-0.04,0.06,0.02,0.05,-0.02,0.02,-0.04,0.05,-0.05,-0.09,-0.04,0.18,-0.21,-0.1,-0.13,NA,-0.15,-0.17,-0,1
